"Submission ID","Last updated","Submission started","Status","Current step","Enrichment info","Which country do you reside?","What type of institution are you employed?","Is the institution public or private?","What is your primary role?","What types of neuroimaging data do you collect? (Check all that apply)","What type(s) of detectors do your PET machines have?","What is the magnetic strength of the MRI machine(s)?","How many slices do the CT machine(s) collect?","What purpose(s) is the data being collected for?","What are the top 3 challenges you have encountered generating data? (Can select fewer than 3)","How large are the data you work with/generate?","How do you typically store your data? (Check all that apply)","If you do not use cloud storage, what are the main barrier(s)?","What file formats do you use? (Check all that apply)","Which of the following community (meta)data models do you use? (Check all that apply)","How do you deidentify your data? (Check all that apply)","What are the barriers to processing your data? (Check all that apply)","With whom do you typically share data? (Check all that apply)","From whom do you typically request data? (Check all that apply)","How frequently do you share data?","How frequently do you access shared data?","What are the top 3 challenges you have encountered while sharing data? (Can select fewer than 3)","What are the top 3 challenges you have encountered to access data? (Can select fewer than 3)","Have you used any of the following databases for sharing data? Select ""Other"" for an institutional database. (check all that apply)","Have you used any of the following databases for reusing shared data? Select ""Other"" for an institutional database. (check all that apply)","When did you last share data through a database?","When did you last use data from a database?","(OPTIONAL) Are there any other barriers you've experienced to data sharing/access you would like to share?","source","Errors","Url","Network ID"
"1c81081c-25b5-4067-a7f0-607eec754747","Mon Jul 29 2024 17:38:00 GMT-0500 (Central Daylight Time)","Mon Jul 29 2024 17:32:00 GMT-0500 (Central Daylight Time)","finished","Ending","","United States","Research Facility","Private","Postdoc","Synesthesia.","","","","Research","Lack of high-end technology (computers/scanners/lack of storage),None,Lack of individuals with synesthesia.","100 GB- 1TB","Institutional server","No interest/incentive","NIFTI (Neuroimaging Informatics Technology Initiative)","XCEDE (Extensible Neuroimaging Archive Toolkit Data Exchange)","Mysterious processes! :)","We've only found two participants worldwide. No operable standards.","within my institution","I don’t request data","Never","","Share it where? Synesthesia is like finding unicorns and as far as I know we are the only game in town.","It doesn't exist outside of our own research.","None of the above","None of the above","Never","Never","The sheer difficulty of even locating people to study.","reddit","None","https://build.fillout.com/editor/nSpZ94UKxEus/results?sessionId=1c81081c-25b5-4067-a7f0-607eec754747","b6288df3a1a648a0f39a795595379045"
"3e78e3aa-3d23-40a1-9159-a693e6dff067","Mon Jul 29 2024 07:20:00 GMT-0500 (Central Daylight Time)","Mon Jul 29 2024 07:13:00 GMT-0500 (Central Daylight Time)","finished","Ending","","China","Hospital","Public","Clinician","NIRS (Near-Infrared Spectroscopy),EEG (Electroencephalogram),MRI (Magnetic Resonance Imaging)","","1.6 - 3.0 Tesla","","Clinical,Research","Lack of high-end technology (computers/scanners/lack of storage)","10-100 GB","Lab/team computers","Don’t trust the cloud provider to restrict access to the data,Lacking financial resources to use cloud storage","DICOM (Digital Imaging and Communications in Medicine),NIFTI (Neuroimaging Informatics Technology Initiative),EDF (European data format),EEGLab","BIDS (Brain Imaging Data Structure)","Using generic identifiers for your patients/participants","None","within my lab/team,within my institution","Within my lab/team","Regularly (once every 1-3 years)","Frequently (once a month or more)","None","Not knowing where to look for data,Not able to access data once a data record is found","None of the above","None of the above","Past Month","Past Year","","nitrc","None","https://build.fillout.com/editor/nSpZ94UKxEus/results?sessionId=3e78e3aa-3d23-40a1-9159-a693e6dff067","02e6d6e0c8973f9346e2d975d1af1439"
"f950cb42-19f5-4273-941c-d07960b65cdc","Wed Jul 24 2024 11:29:00 GMT-0500 (Central Daylight Time)","Wed Jul 24 2024 11:06:00 GMT-0500 (Central Daylight Time)","finished","Ending","","Germany","Hospital","Public","Graduate Student","EEG (Electroencephalogram),MRI (Magnetic Resonance Imaging)","","3.1 - 7.0 Tesla","","Research","None","100 GB- 1TB","Institutional server","No interest/incentive","DICOM (Digital Imaging and Communications in Medicine),NIFTI (Neuroimaging Informatics Technology Initiative)","BIDS (Brain Imaging Data Structure)","Using generic identifiers for your patients/participants,Defacing,Intersubject Averaging (group level results)","Lack of specialized personnel (people that generate protocols),Missing interoperability between standards and technology (e.g., software tools not working with your data)","within my lab/team,within my institution,Project collaborators at different institutions,From other countries within my continent,From other countries outside my continent","Within my lab/team,Within my institution,Project collaborators outside of my institution,From other countries within my continent,From other countries outside my continent","Regularly (once every 1-3 years)","Sometimes (once every 4-6 years)","Not enough technical support from the institution/team to help with data sharing,Other team members/institution not allowing sharing of data","Not knowing where to look for data,Not able to understand and use data after accessing the data (not enough information),Investigators not sharing their data","","","","","","email","None","https://build.fillout.com/editor/nSpZ94UKxEus/results?sessionId=f950cb42-19f5-4273-941c-d07960b65cdc","57b072a7b9f6dc0ed476018475e07ec3"
"d6e6ab43-21e8-4a01-856b-242b2663777d","Tue Jul 23 2024 14:10:00 GMT-0500 (Central Daylight Time)","Tue Jul 23 2024 14:07:00 GMT-0500 (Central Daylight Time)","finished","Ending","","United States","University","Public","Technician","MRI (Magnetic Resonance Imaging)","","1.6 - 3.0 Tesla","","Research","Lack of high-end technology (computers/scanners/lack of storage),Lack of specialized personnel (people that generate protocols)","10-100 GB","Department server,Institutional server","Lacking financial resources to use cloud storage","DICOM (Digital Imaging and Communications in Medicine),NIFTI (Neuroimaging Informatics Technology Initiative),CIFTI (Connectivity format under the Neuroimaging Informatics Technology Initiative),GIFTI (Geometry format under the Neuroimaging Informatics Technology Initiative)","BIDS (Brain Imaging Data Structure)","Using generic identifiers for your patients/participants,Defacing","Missing interoperability between standards and technology (e.g., software tools not working with your data)","within my lab/team,within my institution,Project collaborators at different institutions","Within my lab/team,Project collaborators outside of my institution","Regularly (once every 1-3 years)","Frequently (once a month or more)","Not knowing where to upload data,Other team members/institution not allowing sharing of data","Not able to access data once a data record is found,Not able to understand and use data after accessing the data (not enough information)","OpenScienceFramework,Open Neuro","Open Neuro","Past Year","Past Year","","x","None","https://build.fillout.com/editor/nSpZ94UKxEus/results?sessionId=d6e6ab43-21e8-4a01-856b-242b2663777d","0d84f04aa57d4b979e615afe104e151b"
"6e8add2a-5eab-477b-bb97-5ffd87d3bdd7","Tue Jul 23 2024 06:20:00 GMT-0500 (Central Daylight Time)","Tue Jul 23 2024 06:13:00 GMT-0500 (Central Daylight Time)","finished","Ending","","Switzerland","University","Public","Faculty","MRI (Magnetic Resonance Imaging)","","3.1 - 7.0 Tesla","","Research","Missing interoperability between standards and technology (e.g., scanner dependent pulse sequence protocols)","100 GB- 1TB","Lab server,Institutional server","No interest/incentive","DICOM (Digital Imaging and Communications in Medicine),NIFTI (Neuroimaging Informatics Technology Initiative)","BIDS (Brain Imaging Data Structure)","Using generic identifiers for your patients/participants,Defacing","Missing interoperability between standards and technology (e.g., software tools not working with your data)","within my lab/team,Project collaborators at different institutions","Within my lab/team,Project collaborators outside of my institution","Regularly (once every 1-3 years)","Sometimes (once every 4-6 years)","Other team members/institution not allowing sharing of data","Not knowing where to look for data,Investigators not sharing their data","OpenScienceFramework,institutional repository (we are not allowed to share data publicly on servers residing outside of country)","OpenScienceFramework,Open Neuro","Past Month","Past 5 Years","the main barrier is national regulations (the US are more liberal than us in the EU/CH) and PIs not wanting to just provide data to the public domain for fears of others publishing on our same topics using our data. I am junior faculty so I have no hand in this, it is therefore hard to influence policies at senior faculty level.","neurostars","None","https://build.fillout.com/editor/nSpZ94UKxEus/results?sessionId=6e8add2a-5eab-477b-bb97-5ffd87d3bdd7","f287d1f3a1765ce7f42576b44f872b67"
"070ef07f-586f-42dd-b009-a27d357609e0","Mon Jul 22 2024 16:58:00 GMT-0500 (Central Daylight Time)","Mon Jul 22 2024 16:45:00 GMT-0500 (Central Daylight Time)","finished","Ending","","Canada","University","Public","Research Staff","NIRS (Near-Infrared Spectroscopy),EEG (Electroencephalogram)","","","","Research","None","less than 1 GB","Lab/team computers,Lab server,Institutional server","No interest/incentive","netstation MFF, Neuromag FIF","BIDS (Brain Imaging Data Structure)","None","None","within my lab/team","I don’t request data","Regularly (once every 1-3 years)","","None","None","None of the above","None of the above","Never","Never","","neurostars","None","https://build.fillout.com/editor/nSpZ94UKxEus/results?sessionId=070ef07f-586f-42dd-b009-a27d357609e0","e48c815fdc0552994fa788acad35dd72"
"62c4077d-63e7-4f1d-a7d5-0f9a0dc42985","Mon Jul 22 2024 05:03:00 GMT-0500 (Central Daylight Time)","Mon Jul 22 2024 04:56:00 GMT-0500 (Central Daylight Time)","finished","Ending","","United Kingdom","University","Public","Postdoc","MEG (Magnetoencephalography),EEG (Electroencephalogram),MRI (Magnetic Resonance Imaging)","","1.6 - 3.0 Tesla,3.1 - 7.0 Tesla","","Research","Lack of specialized personnel (people that generate protocols)"," greater than 1 TB","Lab/team computers,Department server","Missing specialized personnel for implementation,Lacking financial resources to use cloud storage","NIFTI (Neuroimaging Informatics Technology Initiative),EEGLab,ANALYZE/BRIK (Analysis of Functional NeuroImages format)","BIDS (Brain Imaging Data Structure)","Using generic identifiers for your patients/participants,Defacing","Lack of Software,Lack of institutional infrastructure (ethernet, wireless connection),Missing interoperability between standards and technology (e.g., software tools not working with your data)","within my lab/team,within my institution,Project collaborators at different institutions,within my country,From other countries within my continent,From other countries outside my continent,Depends on the project","Within my lab/team,Within my institution,Project collaborators outside of my institution","Regularly (once every 1-3 years)","Regularly (once every 1-3 years)","Not knowing where to upload data,Other team members/institution not allowing sharing of data","Not able to access data once a data record is found,Investigators not sharing their data","OpenScienceFramework,Enigma","OpenScienceFramework,Open Neuro,Enigma,HCP","Past Year","Past Year","Lack of clarity about how and where data is shared","reddit","None","https://build.fillout.com/editor/nSpZ94UKxEus/results?sessionId=62c4077d-63e7-4f1d-a7d5-0f9a0dc42985","f8b642cd9f1e239cb19fc99d01c638eb"
"7b1846a8-7cbe-4b21-94c0-e5c3a1061b2a","Fri Jul 19 2024 15:22:00 GMT-0500 (Central Daylight Time)","Fri Jul 19 2024 15:16:00 GMT-0500 (Central Daylight Time)","finished","Ending","","France","University","Public","Faculty","MRI (Magnetic Resonance Imaging)","","1.6 - 3.0 Tesla","","Research","Lack of specialized personnel (people that generate protocols),Missing interoperability between standards and technology (e.g., scanner dependent pulse sequence protocols),None","10-100 GB","Lab server","No interest/incentive","DICOM (Digital Imaging and Communications in Medicine),NIFTI (Neuroimaging Informatics Technology Initiative)","BIDS (Brain Imaging Data Structure)","Using generic identifiers for your patients/participants,Defacing","Lack of specialized personnel (people that generate protocols),Missing interoperability between standards and technology (e.g., software tools not working with your data)","within my lab/team,Project collaborators at different institutions,within my country,From other countries within my continent,From other countries outside my continent","Within my lab/team,Project collaborators outside of my institution,Within my country,From other countries within my continent,From other countries outside my continent","Regularly (once every 1-3 years)","Regularly (once every 1-3 years)","Not enough technical support from the institution/team to help with data sharing,Other team members/institution not allowing sharing of data","Not knowing where to look for data,Not able to understand and use data after accessing the data (not enough information),Investigators not sharing their data","OpenScienceFramework,Open Neuro","OpenScienceFramework,Open Neuro,EBRAINS","Past Year","Past Month","","neurostars","None","https://build.fillout.com/editor/nSpZ94UKxEus/results?sessionId=7b1846a8-7cbe-4b21-94c0-e5c3a1061b2a","0abc848d4f53a4b5afd1b5570d966a7e"
"eaf8b820-910b-43cb-a1b8-627e4da50d7d","Fri Jul 19 2024 12:05:00 GMT-0500 (Central Daylight Time)","Fri Jul 19 2024 11:57:00 GMT-0500 (Central Daylight Time)","finished","Ending","","United States","University","Private","Postdoc","MRI (Magnetic Resonance Imaging)","","1.6 - 3.0 Tesla","","Research","Missing interoperability between standards and technology (e.g., scanner dependent pulse sequence protocols)","10-100 GB","Lab server,Institutional server","No interest/incentive","DICOM (Digital Imaging and Communications in Medicine),NIFTI (Neuroimaging Informatics Technology Initiative)","BIDS (Brain Imaging Data Structure)","Using generic identifiers for your patients/participants,Defacing","","within my lab/team,Project collaborators at different institutions,within my country,From other countries within my continent,From other countries outside my continent","Within my lab/team,Project collaborators outside of my institution,Within my country","Regularly (once every 1-3 years)","Frequently (once a month or more)","Not able to format the data in a way required for upload,Not enough technical support from the institution/team to help with data sharing,Complicated study designs and imaging acquisitions that are a bit of a headache with BIDS","","OpenScienceFramework,Open Neuro","OpenScienceFramework,Open Neuro,HCP,ABCD","Past Month","Past Month","","neurostars","None","https://build.fillout.com/editor/nSpZ94UKxEus/results?sessionId=eaf8b820-910b-43cb-a1b8-627e4da50d7d","29fae9b77594302238fb174f1436a94e"
"e7c47431-0c25-4eab-9182-7dfbdf1c78be","Fri Jul 19 2024 08:02:00 GMT-0500 (Central Daylight Time)","Fri Jul 19 2024 07:59:00 GMT-0500 (Central Daylight Time)","finished","Ending","","China","Hospital","Public","Technician","CT (Computed Tomography),MRI (Magnetic Resonance Imaging)","","1.6 - 3.0 Tesla","65 - 256 slices","Research","Lack of high-end technology (computers/scanners/lack of storage),Lack of national infrastructure (internet, electricity),Missing interoperability between standards and technology (e.g., scanner dependent pulse sequence protocols)","1-10 GB","Lab/team computers,Commercial cloud","Missing specialized personnel for implementation","DICOM (Digital Imaging and Communications in Medicine)","None","Intersubject Averaging (group level results)","Lack of Software","I don’t share data","I don’t request data","","","Not knowing where to upload data,Not able to format the data in a way required for upload,Not enough technical support from the institution/team to help with data sharing","None","OpenScienceFramework","OpenScienceFramework,Open Neuro","Past Year","Past Month","","nitrc","None","https://build.fillout.com/editor/nSpZ94UKxEus/results?sessionId=e7c47431-0c25-4eab-9182-7dfbdf1c78be","2fa6140c6745d5ecf8ce27fba4cd040b"
"4c2ac4bf-6391-4b23-8aad-3a716ffe5449","Fri Jul 19 2024 04:18:00 GMT-0500 (Central Daylight Time)","Fri Jul 19 2024 04:12:00 GMT-0500 (Central Daylight Time)","finished","Ending","","Norway","University","Public","Faculty","EEG (Electroencephalogram)","","","","Research","Missing interoperability between standards and technology (e.g., scanner dependent pulse sequence protocols),not enough funding","1-10 GB","Lab/team computers,Institutional server","","EEGLab","BIDS (Brain Imaging Data Structure)","Using generic identifiers for your patients/participants,Intersubject Averaging (group level results)","Lack of specialized personnel (people that generate protocols),lack of funding","Project collaborators at different institutions,within my country,From other countries within my continent","Within my institution,Project collaborators outside of my institution,From other countries within my continent","Regularly (once every 1-3 years)","Regularly (once every 1-3 years)","Not knowing where to upload data,Not able to format the data in a way required for upload,Not enough technical support from the institution/team to help with data sharing","Not knowing where to look for data,Not able to understand and use data after accessing the data (not enough information),Investigators not sharing their data","OpenScienceFramework,Open Neuro","None of the above","Past Year","Never","","nitrc","None","https://build.fillout.com/editor/nSpZ94UKxEus/results?sessionId=4c2ac4bf-6391-4b23-8aad-3a716ffe5449","3bf788be11405cc49cab36cc0941e097"
"272c0fdf-98b5-4559-a709-cd3cf25f96cf","Fri Jul 19 2024 03:37:00 GMT-0500 (Central Daylight Time)","Fri Jul 19 2024 03:10:00 GMT-0500 (Central Daylight Time)","finished","Ending","","Philippines","Hospital","Private","Clinician","EEG (Electroencephalogram),CT (Computed Tomography),PET (Positron Emission Tomography),MRI (Magnetic Resonance Imaging)","LSO crystal detector","less than or equal to 1.5 Tesla,1.6 - 3.0 Tesla","greater than 256 slices","Clinical,Research","Lack of specialized personnel (people that generate protocols)"," greater than 1 TB","Institutional server","Don’t trust the data will be secure","DICOM (Digital Imaging and Communications in Medicine),EEGLab","None","use of unique identifiers like PIN","Lack of Software,Lack of specialized personnel (people that generate protocols)","within my lab/team,within my institution,Project collaborators at different institutions","Within my institution","as needed in the clinic and project","as needed in the clinic or project","Not enough technical support from the institution/team to help with data sharing","havent tried accessing data of other institutions","None of the above","None of the above","Never","Never","","nitrc","None","https://build.fillout.com/editor/nSpZ94UKxEus/results?sessionId=272c0fdf-98b5-4559-a709-cd3cf25f96cf","b2e0fb1aa2b82d491c701516eaea5e27"
"3af14f47-e515-4af3-9b80-f8746203f121","Thu Jul 18 2024 15:34:00 GMT-0500 (Central Daylight Time)","Thu Jul 18 2024 15:22:00 GMT-0500 (Central Daylight Time)","finished","Ending","","United States","University","Private","Faculty","MRI (Magnetic Resonance Imaging)","","1.6 - 3.0 Tesla","","Research","Funds, time","10-100 GB","Institutional server","Cost (for commercial cloud; I use institutional HPC)","DICOM (Digital Imaging and Communications in Medicine),NIFTI (Neuroimaging Informatics Technology Initiative)","BIDS (Brain Imaging Data Structure)","Using generic identifiers for your patients/participants,Defacing,Intersubject Averaging (group level results)","Lack of specialized personnel (people that generate protocols)","within my lab/team,Project collaborators at different institutions","Within my lab/team,Within my institution,Project collaborators outside of my institution,Within my country,From other countries within my continent,From other countries outside my continent","Regularly (once every 1-3 years)","Frequently (once a month or more)","Not able to format the data in a way required for upload,Not enough technical support from the institution/team to help with data sharing","Investigators not sharing their data","INDI","OpenScienceFramework,Open Neuro,INDI,HCP,ADNI,UKB, ABCD","Longer than 5 years ago","Past Year","It should be easier to access de-identified subject-level data than it is for many repositories. Especially subject-level statistical maps","x","None","https://build.fillout.com/editor/nSpZ94UKxEus/results?sessionId=3af14f47-e515-4af3-9b80-f8746203f121","303897d86d8af64401b880da4bec2a88"
"e90d8edd-eb83-4762-bd26-fc9f83bda8b8","Thu Jul 18 2024 13:53:00 GMT-0500 (Central Daylight Time)","Thu Jul 18 2024 13:51:00 GMT-0500 (Central Daylight Time)","finished","Ending","","Canada","Research Facility","Public","Graduate Student","NIRS (Near-Infrared Spectroscopy),EEG (Electroencephalogram),MRI (Magnetic Resonance Imaging)","","1.6 - 3.0 Tesla","","Research","","1-10 GB","Lab/team computers,Lab server","No interest/incentive","NIFTI (Neuroimaging Informatics Technology Initiative),EDF (European data format),.nirs, .snirf","None","Using generic identifiers for your patients/participants","Lack of Software,Lack of specialized personnel (people that generate protocols)","within my lab/team","Within my lab/team","Sometimes (once every 4-6 years)","Rarely (once every 7+ years)","Not able to format the data in a way required for upload,Not enough technical support from the institution/team to help with data sharing,Other team members/institution not allowing sharing of data","Not knowing where to look for data,Not able to understand and use data after accessing the data (not enough information)","HCP","","Past Year","","","neurostars","None","https://build.fillout.com/editor/nSpZ94UKxEus/results?sessionId=e90d8edd-eb83-4762-bd26-fc9f83bda8b8","42f4761ac34a95783d151e00131cc211"
"34e8efdd-92ba-45e4-9d82-b989579c6498","Thu Jul 18 2024 08:25:00 GMT-0500 (Central Daylight Time)","Thu Jul 18 2024 08:20:00 GMT-0500 (Central Daylight Time)","finished","Ending","","United States","Research Facility","Public","Postdoc","MEG (Magnetoencephalography)","","","","Research","None","1-10 GB","Lab/team computers,Lab server,Institutional server,OpenNeuro","","DICOM (Digital Imaging and Communications in Medicine),NIFTI (Neuroimaging Informatics Technology Initiative),.ds meg data ","BIDS (Brain Imaging Data Structure)","Using generic identifiers for your patients/participants","None","within my lab/team,within my institution,Project collaborators at different institutions,within my state/province/region,within my country,From other countries within my continent,From other countries outside my continent","Within my lab/team,Within my institution,Project collaborators outside of my institution","Regularly (once every 1-3 years)","Regularly (once every 1-3 years)","Not able to format the data in a way required for upload,Not enough technical support from the institution/team to help with data sharing","Not able to access data once a data record is found,Not able to understand and use data after accessing the data (not enough information),Investigators not sharing their data","OpenScienceFramework,Open Neuro","OpenScienceFramework,Open Neuro,Institutional servers","Past Year","Past 5 Years","","x","None","https://build.fillout.com/editor/nSpZ94UKxEus/results?sessionId=34e8efdd-92ba-45e4-9d82-b989579c6498","ef3ffa34b69a7111be8ad1c56cc991ba"
"59dfe4c5-e71f-40c7-9dfe-7ef9ce6e5fbb","Thu Jul 18 2024 08:08:00 GMT-0500 (Central Daylight Time)","Thu Jul 18 2024 08:00:00 GMT-0500 (Central Daylight Time)","finished","Ending","","Spain","Research Facility","Public","Faculty","MEG (Magnetoencephalography),EEG (Electroencephalogram)","","","","Research","Lack of high-end technology (computers/scanners/lack of storage)","10-100 GB","Lab/team computers","Don’t trust the cloud provider to restrict access to the data,Missing specialized personnel for implementation","EDF (European data format),FIF, CTF (DS)","BIDS (Brain Imaging Data Structure)","Defacing,None","None","within my lab/team,Project collaborators at different institutions","Within my lab/team,Within my institution,Project collaborators outside of my institution","Regularly (once every 1-3 years)","Regularly (once every 1-3 years)","Not enough technical support from the institution/team to help with data sharing,Other team members/institution not allowing sharing of data","Not able to understand and use data after accessing the data (not enough information),Investigators not sharing their data","OpenScienceFramework,Open Neuro,Brainlife","Brainlife","Past Month","Past Month","Don't understanding well the laws and ethics","x","None","https://build.fillout.com/editor/nSpZ94UKxEus/results?sessionId=59dfe4c5-e71f-40c7-9dfe-7ef9ce6e5fbb","7a5e9058810c116c61fd466f9240345d"
"f114918b-46ae-442d-9f22-d9581e8b483e","Thu Jul 18 2024 04:41:00 GMT-0500 (Central Daylight Time)","Thu Jul 18 2024 04:35:00 GMT-0500 (Central Daylight Time)","finished","Ending","","Germany","Research Facility","Public","Research Staff","MRI (Magnetic Resonance Imaging)","","1.6 - 3.0 Tesla","","Clinical,Research","Missing interoperability between standards and technology (e.g., scanner dependent pulse sequence protocols)","10-100 GB","Institutional server","Don’t trust the cloud provider to restrict access to the data,Don’t trust the data will be secure,No interest/incentive","DICOM (Digital Imaging and Communications in Medicine),NIFTI (Neuroimaging Informatics Technology Initiative)","json sidecar files with NIFTI header data","Using generic identifiers for your patients/participants","None","within my lab/team,within my institution,Project collaborators at different institutions","Within my lab/team,Within my institution,Project collaborators outside of my institution","Regularly (once every 1-3 years)","Regularly (once every 1-3 years)","None","None","None of the above","None of the above","Never","Never","","neurostars","None","https://build.fillout.com/editor/nSpZ94UKxEus/results?sessionId=f114918b-46ae-442d-9f22-d9581e8b483e","bde970851e152b64ecf945985ed5e349"
"dfaeb3c4-a42c-4a1d-b488-112279c5892e","Thu Jul 18 2024 03:29:00 GMT-0500 (Central Daylight Time)","Thu Jul 18 2024 03:23:00 GMT-0500 (Central Daylight Time)","finished","Ending","","Italy","University","Public","Technician","MEG (Magnetoencephalography),EEG (Electroencephalogram),MRI (Magnetic Resonance Imaging)","","1.6 - 3.0 Tesla","","Research","Missing interoperability between standards and technology (e.g., scanner dependent pulse sequence protocols)","1-10 GB","Department server","No interest/incentive","DICOM (Digital Imaging and Communications in Medicine),NIFTI (Neuroimaging Informatics Technology Initiative),EDF (European data format),EEGLab,CIFTI (Connectivity format under the Neuroimaging Informatics Technology Initiative),GIFTI (Geometry format under the Neuroimaging Informatics Technology Initiative),MGH/MGZ (Massachusetts General Hospital),ANALYZE/BRIK (Analysis of Functional NeuroImages format)","BIDS (Brain Imaging Data Structure)","Using generic identifiers for your patients/participants,Defacing","Missing interoperability between standards and technology (e.g., software tools not working with your data)","within my lab/team,within my institution,Project collaborators at different institutions","Within my lab/team,Within my institution,Project collaborators outside of my institution,Within my state/province/region,Within my country,From other countries within my continent,From other countries outside my continent","Sometimes (once every 4-6 years)","Regularly (once every 1-3 years)","Privacy regulations","Not able to understand and use data after accessing the data (not enough information)","OpenScienceFramework,gin.g-node.org","OpenScienceFramework,Open Neuro,HCP,CONP,Brainlife","Past Year","Past Month","It seems to me that currently there is no general consensus on what is a ""personal data"" and whether de-identification on structural MRI data is 100% effective.","neurostars","None","https://build.fillout.com/editor/nSpZ94UKxEus/results?sessionId=dfaeb3c4-a42c-4a1d-b488-112279c5892e","cf43e6b93f7248f713dd9f169f6f0c43"
"250b41a5-c723-402d-872a-b43027745d59","Wed Jul 17 2024 23:01:00 GMT-0500 (Central Daylight Time)","Wed Jul 17 2024 22:57:00 GMT-0500 (Central Daylight Time)","finished","Ending","","United States","University","both public and private ","Graduate Student","MRI (Magnetic Resonance Imaging)","","1.6 - 3.0 Tesla","","Research","Lack of specialized personnel (people that generate protocols)","10-100 GB","Lab server,Department server,Institutional server","Lacking financial resources to use cloud storage","DICOM (Digital Imaging and Communications in Medicine),NIFTI (Neuroimaging Informatics Technology Initiative)","BIDS (Brain Imaging Data Structure)","Using generic identifiers for your patients/participants","Lack of hardware(computers/scanners/lack of storage)","within my lab/team,within my institution,Project collaborators at different institutions","Within my institution,Project collaborators outside of my institution,Within my state/province/region,Within my country,From other countries within my continent,From other countries outside my continent","Never","Regularly (once every 1-3 years)","not having my own data","Not knowing where to look for data,Not able to understand and use data after accessing the data (not enough information)","None of the above","OpenScienceFramework,Open Neuro,HCP,ADNI,Brainlife","Never","Past Year","","reddit","None","https://build.fillout.com/editor/nSpZ94UKxEus/results?sessionId=250b41a5-c723-402d-872a-b43027745d59","ee63a5219fa67063597535b22216111e"
"3595f074-9518-4493-a071-729e2067121e","Wed Jul 17 2024 22:22:00 GMT-0500 (Central Daylight Time)","Wed Jul 17 2024 22:18:00 GMT-0500 (Central Daylight Time)","finished","Ending","","United States","University","Public","Faculty","MRI (Magnetic Resonance Imaging)","","1.6 - 3.0 Tesla","","Research","Lack of institutional infrastructure (ethernet, wireless connection),Lack of specialized personnel (people that generate protocols),Missing interoperability between standards and technology (e.g., scanner dependent pulse sequence protocols)"," greater than 1 TB","Lab/team computers,Institutional server","","DICOM (Digital Imaging and Communications in Medicine),NIFTI (Neuroimaging Informatics Technology Initiative),GIFTI (Geometry format under the Neuroimaging Informatics Technology Initiative)","BIDS (Brain Imaging Data Structure)","Defacing","Lack of specialized personnel (people that generate protocols)","within my lab/team,Project collaborators at different institutions","Within my lab/team,Project collaborators outside of my institution","Regularly (once every 1-3 years)","Regularly (once every 1-3 years)","Not able to upload data to an archive (it doesn’t exist/not accessible),Not enough technical support from the institution/team to help with data sharing","Not able to access data once a data record is found,Not able to understand and use data after accessing the data (not enough information)","OpenScienceFramework,HCP,Open Neuro,Brainlife","Open Neuro,Brainlife","Past Year","Past Month","","x","None","https://build.fillout.com/editor/nSpZ94UKxEus/results?sessionId=3595f074-9518-4493-a071-729e2067121e","5ddcffa9d44e487022327204e3d95a05"
"15eece00-f692-4faa-96f4-3309ca51c59d","Wed Jul 17 2024 21:35:00 GMT-0500 (Central Daylight Time)","Wed Jul 17 2024 21:27:00 GMT-0500 (Central Daylight Time)","finished","Ending","","United States","University","Private","Postdoc","EGoG (Electrocorticogram),MRI (Magnetic Resonance Imaging)","","1.6 - 3.0 Tesla","","Research","Lack of specialized personnel (people that generate protocols),Lack of national infrastructure (internet, electricity),Missing interoperability between standards and technology (e.g., scanner dependent pulse sequence protocols)","100 GB- 1TB","Department server,Institutional server","No interest/incentive","DICOM (Digital Imaging and Communications in Medicine),NIFTI (Neuroimaging Informatics Technology Initiative),GIFTI (Geometry format under the Neuroimaging Informatics Technology Initiative),ANALYZE/BRIK (Analysis of Functional NeuroImages format)","BIDS (Brain Imaging Data Structure)","Using generic identifiers for your patients/participants,Defacing,Intersubject Averaging (group level results)","Lack of institutional infrastructure (ethernet, wireless connection),Lack of specialized personnel (people that generate protocols),Missing interoperability between standards and technology (e.g., software tools not working with your data)","within my lab/team,within my institution,Project collaborators at different institutions,within my state/province/region,within my country,From other countries within my continent,From other countries outside my continent","Within my lab/team,Within my institution","Regularly (once every 1-3 years)","Frequently (once a month or more)","Not able to upload data to an archive (it doesn’t exist/not accessible),Not able to format the data in a way required for upload,Not enough technical support from the institution/team to help with data sharing","Not able to understand and use data after accessing the data (not enough information),Investigators not sharing their data","INDI,Open Neuro","OpenScienceFramework,Open Neuro,INDI,DANDI,Brainlife","Past Month","Past Year","","x","None","https://build.fillout.com/editor/nSpZ94UKxEus/results?sessionId=15eece00-f692-4faa-96f4-3309ca51c59d","f2ebf942f5b574eec9577992f1d39464"
"9bdc25d3-191f-43ce-962b-94ba90c781f8","Wed Jul 17 2024 20:48:00 GMT-0500 (Central Daylight Time)","Wed Jul 17 2024 20:44:00 GMT-0500 (Central Daylight Time)","finished","Ending","","United States","Research Facility","Private","Faculty","NIRS (Near-Infrared Spectroscopy),PET (Positron Emission Tomography),MRI (Magnetic Resonance Imaging)","I don't know","3.1 - 7.0 Tesla","","Research","None"," greater than 1 TB","Lab server,Department server","Lacking financial resources to use cloud storage","DICOM (Digital Imaging and Communications in Medicine),NIFTI (Neuroimaging Informatics Technology Initiative)","BIDS (Brain Imaging Data Structure)","Using generic identifiers for your patients/participants","None","within my lab/team,within my institution,Project collaborators at different institutions,within my state/province/region,within my country,From other countries within my continent,From other countries outside my continent","Within my lab/team,Within my institution,Project collaborators outside of my institution,Within my state/province/region,Within my country,From other countries within my continent,From other countries outside my continent","Regularly (once every 1-3 years)","Frequently (once a month or more)","Not able to upload data to an archive (it doesn’t exist/not accessible),Not able to format the data in a way required for upload,Not enough technical support from the institution/team to help with data sharing","Not able to find data on national archive,Not able to access data once a data record is found,Not able to understand and use data after accessing the data (not enough information)","OpenScienceFramework,INDI,HCP,Open Neuro","Open Neuro","Past Year","Past Month","","x","None","https://build.fillout.com/editor/nSpZ94UKxEus/results?sessionId=9bdc25d3-191f-43ce-962b-94ba90c781f8","1026535ae98b8a41a1e03fdeaa058f26"
"488e5275-6b4b-4566-a49a-b2efe84e62bf","Wed Jul 17 2024 20:22:00 GMT-0500 (Central Daylight Time)","Wed Jul 17 2024 20:11:00 GMT-0500 (Central Daylight Time)","finished","Ending","","United States","University","Public","Faculty","MEG (Magnetoencephalography),MRI (Magnetic Resonance Imaging)","","1.6 - 3.0 Tesla","","Clinical,Research","Lack of institutional infrastructure (ethernet, wireless connection),Lack of specialized personnel (people that generate protocols),Missing interoperability between standards and technology (e.g., scanner dependent pulse sequence protocols)"," greater than 1 TB","Lab/team computers,Lab server,Institutional server,Commercial cloud","","DICOM (Digital Imaging and Communications in Medicine),NIFTI (Neuroimaging Informatics Technology Initiative)","BIDS (Brain Imaging Data Structure)","Using generic identifiers for your patients/participants","Lack of specialized personnel (people that generate protocols)","within my lab/team,within my institution,Project collaborators at different institutions,within my country,From other countries outside my continent","Project collaborators outside of my institution,From other countries outside my continent","Regularly (once every 1-3 years)","Regularly (once every 1-3 years)","Not able to upload data to an archive (it doesn’t exist/not accessible),Not knowing where to upload data,Not able to format the data in a way required for upload","Not able to access data once a data record is found,Not able to understand and use data after accessing the data (not enough information),Investigators not sharing their data","None of the above","None of the above,TACC","Past Year","Past Year","","","None","https://build.fillout.com/editor/nSpZ94UKxEus/results?sessionId=488e5275-6b4b-4566-a49a-b2efe84e62bf","db29f6aaf1fc723213163b08b4fff4e1"
"42ba330f-da4c-4fec-b60d-ef706db457a7","Wed Jul 17 2024 20:18:00 GMT-0500 (Central Daylight Time)","Wed Jul 17 2024 20:13:00 GMT-0500 (Central Daylight Time)","finished","Ending","","Australia","University","Public","Postdoc","EEG (Electroencephalogram),MRI (Magnetic Resonance Imaging)","","1.6 - 3.0 Tesla","","Clinical,Research","Lack of high-end technology (computers/scanners/lack of storage),Missing interoperability between standards and technology (e.g., scanner dependent pulse sequence protocols)","100 GB- 1TB","Department server","","DICOM (Digital Imaging and Communications in Medicine),NIFTI (Neuroimaging Informatics Technology Initiative)","BIDS (Brain Imaging Data Structure)","Using generic identifiers for your patients/participants,Defacing","Lack of hardware(computers/scanners/lack of storage)","within my lab/team,Project collaborators at different institutions","Project collaborators outside of my institution,From other countries outside my continent","Regularly (once every 1-3 years)","Regularly (once every 1-3 years)","Not enough technical support from the institution/team to help with data sharing,Other team members/institution not allowing sharing of data","Not knowing where to look for data,Not able to understand and use data after accessing the data (not enough information)","HCP,Open Neuro","Open Neuro","Past Year","Past Month","If data is saved on an institutional database, they have made it virtually impossible for external (international) collaborators to access the data, even though we ethically are only allowed to store the data on the institution's data servers.","x","None","https://build.fillout.com/editor/nSpZ94UKxEus/results?sessionId=42ba330f-da4c-4fec-b60d-ef706db457a7","369c8598f15b775f7a0cf4a645352e30"
"033f5efe-60e1-4fe1-98b1-2034d98ec34c","Wed Jul 17 2024 19:12:00 GMT-0500 (Central Daylight Time)","Wed Jul 17 2024 19:08:00 GMT-0500 (Central Daylight Time)","finished","Ending","","United States","University","Public","Graduate Student","EEG (Electroencephalogram),MRI (Magnetic Resonance Imaging)","","1.6 - 3.0 Tesla,3.1 - 7.0 Tesla","","Clinical,Research","Lack of high-end technology (computers/scanners/lack of storage),Lack of institutional infrastructure (ethernet, wireless connection)"," greater than 1 TB","Lab server,Institutional server","Missing specialized personnel for implementation,Lacking financial resources to use cloud storage","DICOM (Digital Imaging and Communications in Medicine),NIFTI (Neuroimaging Informatics Technology Initiative),CIFTI (Connectivity format under the Neuroimaging Informatics Technology Initiative)","BIDS (Brain Imaging Data Structure)","Using generic identifiers for your patients/participants","Missing interoperability between standards and technology (e.g., software tools not working with your data)","within my lab/team,within my institution,Project collaborators at different institutions","Within my lab/team,Within my institution,Project collaborators outside of my institution,Within my country,From other countries within my continent","Sometimes (once every 4-6 years)","Regularly (once every 1-3 years)","Not able to upload data to an archive (it doesn’t exist/not accessible),Not knowing where to upload data,Not enough technical support from the institution/team to help with data sharing","Not able to find data on national archive,Not knowing where to look for data","Enigma,HCP,Open Neuro","Open Neuro,Enigma,HCP","Never","Past Year","","x","None","https://build.fillout.com/editor/nSpZ94UKxEus/results?sessionId=033f5efe-60e1-4fe1-98b1-2034d98ec34c","d783bdad641898e982518dc06f09cbda"
"257be3bb-9b04-4419-a1d3-12524d5d36a6","Wed Jul 17 2024 17:04:00 GMT-0500 (Central Daylight Time)","Wed Jul 17 2024 16:59:00 GMT-0500 (Central Daylight Time)","finished","Ending","","United States","University","Public","Research Staff","MRI (Magnetic Resonance Imaging)","","1.6 - 3.0 Tesla","","Research","Lack of high-end technology (computers/scanners/lack of storage),Missing interoperability between standards and technology (e.g., scanner dependent pulse sequence protocols)","1-10 GB","Lab/team computers,Lab server,Department server","Have enough local space.  Not sure institutional policies on cloud storage.","DICOM (Digital Imaging and Communications in Medicine),NIFTI (Neuroimaging Informatics Technology Initiative)","BIDS (Brain Imaging Data Structure)","Using generic identifiers for your patients/participants","None","within my lab/team,Project collaborators at different institutions","Within my country","Rarely (once every 7+ years)","Regularly (once every 1-3 years)","","","INDI,HCP","","Longer than 5 years ago","","","nitrc","None","https://build.fillout.com/editor/nSpZ94UKxEus/results?sessionId=257be3bb-9b04-4419-a1d3-12524d5d36a6","09402a651876ee7ab51fd73bb8f02ecc"
"8afa8ac2-bed5-47bc-b90b-98c58b1dd2e3","Wed Jul 17 2024 13:35:00 GMT-0500 (Central Daylight Time)","Wed Jul 17 2024 13:26:00 GMT-0500 (Central Daylight Time)","finished","Ending","","Canada","Research Facility","Public","Postdoc","","","","","Research","","I do not know","Institutional server","Lacking financial resources to use cloud storage,No interest/incentive","DICOM (Digital Imaging and Communications in Medicine),NIFTI (Neuroimaging Informatics Technology Initiative),CIFTI (Connectivity format under the Neuroimaging Informatics Technology Initiative),GIFTI (Geometry format under the Neuroimaging Informatics Technology Initiative)","BIDS (Brain Imaging Data Structure)","Using generic identifiers for your patients/participants,Defacing","None","within my lab/team,Project collaborators at different institutions,within my country","Within my lab/team,Within my institution,Project collaborators outside of my institution","Regularly (once every 1-3 years)","Frequently (once a month or more)","Other team members/institution not allowing sharing of data,DUA restricts sharing processed data.","Not able to access data once a data record is found,Not able to understand and use data after accessing the data (not enough information)","OpenScienceFramework,Open Neuro","OpenScienceFramework,Open Neuro,INDI,HCP,ADNI,CONP","Past Year","Past Year","","x","None","https://build.fillout.com/editor/nSpZ94UKxEus/results?sessionId=8afa8ac2-bed5-47bc-b90b-98c58b1dd2e3","20b65a676f3cd420d25f98af8a68e3df"
"ce2f4f34-0884-496b-b66d-e6ce44c7e6f4","Wed Jul 17 2024 10:32:00 GMT-0500 (Central Daylight Time)","Wed Jul 17 2024 10:27:00 GMT-0500 (Central Daylight Time)","finished","Ending","","United States","Research Facility","Public","Research Staff","MEG (Magnetoencephalography),EEG (Electroencephalogram),MRI (Magnetic Resonance Imaging)","","1.5 - 3.0 Tesla,3.1 - 7.0 Tesla","","Clinical,Research","None",">1 TB","Institutional server,Commercial cloud","","DICOM (Digital Imaging and Communications in Medicine),NIFTI (Neuroimaging Informatics Technology Initiative),CIFTI (Connectivity format under the Neuroimaging Informatics Technology Initiative),GIFTI (Geometry format under the Neuroimaging Informatics Technology Initiative),MGH/MGZ (Massachusetts General Hospital),ANALYZE/BRIK (Analysis of Functional NeuroImages format)","BIDS (Brain Imaging Data Structure)","Using generic identifiers for your patients/participants,Defacing,Removal of scan date/time and scanning site information from metadata","None","within my lab/team,within my institution,Project collaborators at different institutions,within my state/province/region,within my country,From other countries within my continent,From other countries outside my continent","Within my lab/team,Within my institution,Project collaborators outside of my institution,Within my state/province/region,Within my country,From other countries within my continent,From other countries outside my continent","Frequently (once a month or more)","Frequently (once a month or more)","Not able to upload data to an archive (it doesn’t exist/not accessible),Not knowing where to upload data,Other team members/institution not allowing sharing of data","Not able to find data on national archive,Not able to understand and use data after accessing the data (not enough information),Investigators not sharing their data","OpenScienceFramework,Enigma,INDI,HCP,Open Neuro,DANDI,Coinstack,NIMH Data Archive","OpenScienceFramework,Open Neuro,Enigma,INDI,HCP,ADNI,Coinstack,NIMH Data Archive","Past Month","Past Month","","neurostars","None","https://build.fillout.com/editor/nSpZ94UKxEus/results?sessionId=ce2f4f34-0884-496b-b66d-e6ce44c7e6f4","050092b12ce26bf273e7122e535d1c12"
"0eb460ee-4b24-4b62-a404-4dc846c6cbd3","Wed Jul 17 2024 09:47:00 GMT-0500 (Central Daylight Time)","Wed Jul 17 2024 09:41:00 GMT-0500 (Central Daylight Time)","finished","Ending","","Canada","Research Facility","Public","Research Staff","EEG (Electroencephalogram),MRI (Magnetic Resonance Imaging)","","1.6 - 3.0 Tesla","","Research","Missing interoperability between standards and technology (e.g., scanner dependent pulse sequence protocols)"," greater than 1 TB","Lab server,Department server,Institutional server","ethics requirements","DICOM (Digital Imaging and Communications in Medicine),NIFTI (Neuroimaging Informatics Technology Initiative),CIFTI (Connectivity format under the Neuroimaging Informatics Technology Initiative),GIFTI (Geometry format under the Neuroimaging Informatics Technology Initiative),MGH/MGZ (Massachusetts General Hospital),hdf5","BIDS (Brain Imaging Data Structure)","Using generic identifiers for your patients/participants,Defacing","None","within my lab/team,within my institution,Project collaborators at different institutions,within my state/province/region,within my country,From other countries within my continent,From other countries outside my continent","I don’t request data","Regularly (once every 1-3 years)","","None","Investigators not sharing their data","CONP","Open Neuro,HCP,ADNI","Past Year","Past 5 Years","","mm","None","https://build.fillout.com/editor/nSpZ94UKxEus/results?sessionId=0eb460ee-4b24-4b62-a404-4dc846c6cbd3","20b65a676f3cd420d25f98af8a68e3df"
"3abe7463-4cb4-4a7c-9613-1feb83a405a4","Wed Jul 17 2024 07:55:00 GMT-0500 (Central Daylight Time)","Wed Jul 17 2024 07:46:00 GMT-0500 (Central Daylight Time)","finished","Ending","","Denmark","Hospital","Public","Research Staff","EEG (Electroencephalogram),PET (Positron Emission Tomography),MRI (Magnetic Resonance Imaging)","BGO crystal detector,LSO crystal detector,Digital LSO crystal detector","1.6 - 3.0 Tesla,3.1 - 7.0 Tesla","","Clinical,Research","Lack of specialized personnel (people that generate protocols)","100 GB- 1TB","Lab server,Department server","not allowed","DICOM (Digital Imaging and Communications in Medicine),NIFTI (Neuroimaging Informatics Technology Initiative),EDF (European data format),EEGLab,GIFTI (Geometry format under the Neuroimaging Informatics Technology Initiative),MGH/MGZ (Massachusetts General Hospital),a variety of native eeg format","BIDS (Brain Imaging Data Structure)","Using generic identifiers for your patients/participants","GPU when using AI based tools, eg generative models","within my lab/team,Project collaborators at different institutions,From other countries within my continent,From other countries outside my continent","From other countries within my continent,From other countries outside my continent","Regularly (once every 1-3 years)","Regularly (once every 1-3 years)","Not able to upload data to an archive (it doesn’t exist/not accessible)","Not able to understand and use data after accessing the data (not enough information),Investigators not sharing their data","OpenScienceFramework,ADNI,Open Neuro,EBRAINS","Open Neuro,ADNI","PublicnEUro.eu","Past Year","the obvious issue for many countries (all of EU, Korea, Japan, etc) is the lack of infrastructure to accommodate the strict privacy laws","neurostars","None","https://build.fillout.com/editor/nSpZ94UKxEus/results?sessionId=3abe7463-4cb4-4a7c-9613-1feb83a405a4","1e0abfd9fa87b5d00db9b6e84ef1bf10"
"792de13a-4018-4155-800f-9f4ae9d6e503","Wed Jul 17 2024 06:29:00 GMT-0500 (Central Daylight Time)","Wed Jul 17 2024 06:19:00 GMT-0500 (Central Daylight Time)","finished","Ending","","United States","University","Public","Faculty","sEEG (Stereoelectroencephalography),EGoG (Electrocorticogram),EEG (Electroencephalogram),CT (Computed Tomography),MRI (Magnetic Resonance Imaging)","","1.6 - 3.0 Tesla","greater than 256 slices","Clinical,Research","None","10-100 GB","Lab/team computers,Lab server,Institutional server,Commercial cloud","","DICOM (Digital Imaging and Communications in Medicine),NIFTI (Neuroimaging Informatics Technology Initiative),EDF (European data format),MGH/MGZ (Massachusetts General Hospital),Fif, hdf5, brainvision .eeg/.vhdr","BIDS (Brain Imaging Data Structure)","Using generic identifiers for your patients/participants,Defacing","Lack of hardware(computers/scanners/lack of storage),Lack of specialized personnel (people that generate protocols),Missing interoperability between standards and technology (e.g., software tools not working with your data)","within my lab/team,Project collaborators at different institutions","Project collaborators outside of my institution","Frequently (once a month or more)","Frequently (once a month or more)","Not enough technical support from the institution/team to help with data sharing,Other team members/institution not allowing sharing of data","Not knowing where to look for data,Not able to understand and use data after accessing the data (not enough information),Investigators not sharing their data","OpenScienceFramework,Open Neuro","OpenScienceFramework,Open Neuro,DANDI","Past Year","Past Year","Very unclear what the rules are from the institution about data release when we have a CDCP in place. ","x","None","https://build.fillout.com/editor/nSpZ94UKxEus/results?sessionId=792de13a-4018-4155-800f-9f4ae9d6e503","a5b3c13f9a7493d5e4cb99d4133aa635"
"d66d9700-e597-4f45-9994-5133040c1e98","Wed Jul 17 2024 04:23:00 GMT-0500 (Central Daylight Time)","Wed Jul 17 2024 04:18:00 GMT-0500 (Central Daylight Time)","finished","Ending","","Canada","University","Public","Faculty","NIRS (Near-Infrared Spectroscopy),EEG (Electroencephalogram),MRI (Magnetic Resonance Imaging)","","3.1 - 7.0 Tesla","","Research","Lack of specialized personnel (people that generate protocols)"," greater than 1 TB","Lab server","Don’t trust the data will be secure,Lacking financial resources to use cloud storage","DICOM (Digital Imaging and Communications in Medicine),NIFTI (Neuroimaging Informatics Technology Initiative),MGH/MGZ (Massachusetts General Hospital),ANALYZE/BRIK (Analysis of Functional NeuroImages format)","BIDS (Brain Imaging Data Structure)","Using generic identifiers for your patients/participants,Defacing","None","within my lab/team,within my institution,Project collaborators at different institutions,From other countries within my continent,From other countries outside my continent","Within my lab/team,From other countries within my continent,From other countries outside my continent","Frequently (once a month or more)","Frequently (once a month or more)","Legal barriers and delays","Not able to understand and use data after accessing the data (not enough information),Investigators not sharing their data","OpenScienceFramework,Open Neuro,OpenPain","OpenScienceFramework,Open Neuro","We are about to - did not have ethics in place to do so before ","Past Month","","x","None","https://build.fillout.com/editor/nSpZ94UKxEus/results?sessionId=d66d9700-e597-4f45-9994-5133040c1e98","17b9765630a883b26229d79170f7863f"
"7aa3f6e7-012d-4b53-b18f-b96777e3cf49","Wed Jul 17 2024 03:54:00 GMT-0500 (Central Daylight Time)","Wed Jul 17 2024 03:49:00 GMT-0500 (Central Daylight Time)","finished","Ending","","Australia","University","Public","Faculty","MEG (Magnetoencephalography),EEG (Electroencephalogram),MRI (Magnetic Resonance Imaging)","","1.6 - 3.0 Tesla","","Research","lack of funding","10-100 GB","Lab/team computers,Commercial cloud","Don’t trust the data will be secure","DICOM (Digital Imaging and Communications in Medicine),NIFTI (Neuroimaging Informatics Technology Initiative),EDF (European data format),EEGLab","BIDS (Brain Imaging Data Structure)","Using generic identifiers for your patients/participants,Defacing","Lack of hardware(computers/scanners/lack of storage)","within my lab/team,within my institution,Project collaborators at different institutions,within my state/province/region,within my country,From other countries within my continent,From other countries outside my continent","I don’t request data","Frequently (once a month or more)","","None","Investigators not sharing their data","OpenScienceFramework,Open Neuro","OpenScienceFramework,Open Neuro","Past Month","Past Month","","x","None","https://build.fillout.com/editor/nSpZ94UKxEus/results?sessionId=7aa3f6e7-012d-4b53-b18f-b96777e3cf49","993583e961954c304f53a840855b435d"
"95bc9e6c-a225-4986-ad8e-dcb424246c88","Wed Jul 17 2024 03:11:00 GMT-0500 (Central Daylight Time)","Wed Jul 17 2024 03:04:00 GMT-0500 (Central Daylight Time)","finished","Ending","","France","Research Facility","Public","Research Staff","CT (Computed Tomography),PET (Positron Emission Tomography),MRI (Magnetic Resonance Imaging)","BGO crystal detector,LSO crystal detector","1.6 - 3.0 Tesla","65 - 256 slices,greater than 256 slices","Research","Missing interoperability between standards and technology (e.g., scanner dependent pulse sequence protocols)","10-100 GB","Lab server,Department server,Institutional server","Don’t trust the cloud provider to restrict access to the data,Don’t trust the data will be secure,Lacking financial resources to use cloud storage","DICOM (Digital Imaging and Communications in Medicine),NIFTI (Neuroimaging Informatics Technology Initiative)","BIDS (Brain Imaging Data Structure)","Using generic identifiers for your patients/participants","Missing interoperability between standards and technology (e.g., software tools not working with your data)","within my lab/team,Project collaborators at different institutions","Project collaborators outside of my institution,Within my country,From other countries within my continent","Sometimes (once every 4-6 years)","Regularly (once every 1-3 years)","Not enough technical support from the institution/team to help with data sharing","Not able to find data on national archive,Not knowing where to look for data,Investigators not sharing their data","Open Neuro","Open Neuro,ADNI","Past Year","Past Year","","neurostars","None","https://build.fillout.com/editor/nSpZ94UKxEus/results?sessionId=95bc9e6c-a225-4986-ad8e-dcb424246c88","bb93f363d450f71c5250c9fc2c2f13a8"
"cad43bb1-5bee-463b-aa54-9307aa16595b","Wed Jul 17 2024 00:49:00 GMT-0500 (Central Daylight Time)","Wed Jul 17 2024 00:40:00 GMT-0500 (Central Daylight Time)","finished","Ending","","Spain","Hospital","Public","Research Staff","CT (Computed Tomography),MRI (Magnetic Resonance Imaging)","","less than or equal to 1.5 Tesla","65 - 256 slices","Clinical,Research","None"," greater than 1 TB","Institutional server","No interest/incentive","DICOM (Digital Imaging and Communications in Medicine),NIFTI (Neuroimaging Informatics Technology Initiative),EDF (European data format)","BIDS (Brain Imaging Data Structure),ODHSI (Observational Health Data Sciences and Informatics),OMOP CDM (Observational Medical Outcomes Partnership Common Data Model)","Using generic identifiers for your patients/participants,Defacing,NLP for reports DISMED or similar","Lack of institutional infrastructure (ethernet, wireless connection),Missing interoperability between standards and technology (e.g., software tools not working with your data)","within my institution,Project collaborators at different institutions,From other countries within my continent,From other countries outside my continent","Within my lab/team,Within my institution,From other countries within my continent,From other countries outside my continent","Regularly (once every 1-3 years)","Frequently (once a month or more)","Not able to format the data in a way required for upload,Not enough technical support from the institution/team to help with data sharing,Other team members/institution not allowing sharing of data","Not able to understand and use data after accessing the data (not enough information),Investigators not sharing their data","Enigma,INDI,HCP,ADNI,Open Neuro,EBRAINS","INDI,ADNI","Past Year","Past Year","","nitrc","None","https://build.fillout.com/editor/nSpZ94UKxEus/results?sessionId=cad43bb1-5bee-463b-aa54-9307aa16595b","418a2eb28b932d5569f6943582478ed8"
"8ada9613-c264-428f-b3e7-09176fd03cb1","Tue Jul 16 2024 23:36:00 GMT-0500 (Central Daylight Time)","Tue Jul 16 2024 23:33:00 GMT-0500 (Central Daylight Time)","finished","Ending","","United States","Research Facility","Public","Postdoc","MRI (Magnetic Resonance Imaging)","","1.6 - 3.0 Tesla","","Clinical,Research","Lack of institutional infrastructure (ethernet, wireless connection)"," greater than 1 TB","Lab server,Department server,Institutional server","","DICOM (Digital Imaging and Communications in Medicine),NIFTI (Neuroimaging Informatics Technology Initiative),ANALYZE/BRIK (Analysis of Functional NeuroImages format)","BIDS (Brain Imaging Data Structure)","Defacing","Missing interoperability between standards and technology (e.g., software tools not working with your data)","within my lab/team,within my institution,Project collaborators at different institutions,within my state/province/region,within my country,From other countries within my continent,From other countries outside my continent","I don’t request data","Frequently (once a month or more)","","Not able to format the data in a way required for upload","Not knowing where to look for data,Not able to understand and use data after accessing the data (not enough information),Investigators not sharing their data","OpenScienceFramework","OpenScienceFramework,Open Neuro,HCP","Past Year","Past Month","","x","None","https://build.fillout.com/editor/nSpZ94UKxEus/results?sessionId=8ada9613-c264-428f-b3e7-09176fd03cb1","841336cfeadd4047d47514ad81378335"
"991532b6-178d-4ff5-a698-ead29809d6ba","Tue Jul 16 2024 23:09:00 GMT-0500 (Central Daylight Time)","Tue Jul 16 2024 23:03:00 GMT-0500 (Central Daylight Time)","finished","Ending","","Poland","University","Public","Faculty","CT (Computed Tomography),MRI (Magnetic Resonance Imaging)","","1.6 - 3.0 Tesla","65 - 256 slices","Clinical,Research","Lack of high-end technology (computers/scanners/lack of storage),Lack of specialized personnel (people that generate protocols)","10-100 GB","Lab/team computers,Lab server","Don’t trust the cloud provider to restrict access to the data,Don’t trust the data will be secure,Missing specialized personnel for implementation,Lacking financial resources to use cloud storage","DICOM (Digital Imaging and Communications in Medicine),NIFTI (Neuroimaging Informatics Technology Initiative),EDF (European data format),MGH/MGZ (Massachusetts General Hospital),ANALYZE/BRIK (Analysis of Functional NeuroImages format)","BIDS (Brain Imaging Data Structure)","Using generic identifiers for your patients/participants","Lack of hardware(computers/scanners/lack of storage),Lack of Software","within my lab/team,within my institution,Project collaborators at different institutions,From other countries within my continent,From other countries outside my continent","Within my lab/team,Within my institution,Project collaborators outside of my institution,Within my country,From other countries within my continent,From other countries outside my continent","Regularly (once every 1-3 years)","Frequently (once a month or more)","Not able to upload data to an archive (it doesn’t exist/not accessible),Not knowing where to upload data,Not able to format the data in a way required for upload","Not able to find data on national archive,Not knowing where to look for data,Not able to access data once a data record is found,Not able to understand and use data after accessing the data (not enough information),Investigators not sharing their data","OpenScienceFramework,Enigma,INDI,HCP,ADNI,BrainLat,Open Neuro,Brainlife","OpenScienceFramework,Open Neuro,INDI,HCP,ADNI","Past Year","Past Month","","nitrc","None","https://build.fillout.com/editor/nSpZ94UKxEus/results?sessionId=991532b6-178d-4ff5-a698-ead29809d6ba","7da528dcf470815de9057bf238a86ccd"
"3bad355e-cffd-4c93-8d1a-659b03a550b5","Tue Jul 16 2024 22:39:00 GMT-0500 (Central Daylight Time)","Tue Jul 16 2024 22:20:00 GMT-0500 (Central Daylight Time)","finished","Ending","","Japan","Startups","Private","Founder","sEEG (Stereoelectroencephalography),EEG (Electroencephalogram)","","","","Solution","Lack of specialized personnel (people that generate protocols),Lack of national infrastructure (internet, electricity),Missing interoperability between standards and technology (e.g., scanner dependent pulse sequence protocols)","I do not know","Commercial cloud","Missing specialized personnel for implementation,Lacking financial resources to use cloud storage","EEGLab","BIDS (Brain Imaging Data Structure)","None","Lack of hardware(computers/scanners/lack of storage),Lack of Software,Lack of institutional infrastructure (ethernet, wireless connection),Lack of specialized personnel (people that generate protocols),Lack of national infrastructure (internet, electricity),Missing interoperability between standards and technology (e.g., software tools not working with your data)","Project collaborators at different institutions","Project collaborators outside of my institution,Within my country,From other countries within my continent,From other countries outside my continent","Regularly (once every 1-3 years)","Regularly (once every 1-3 years)","Not able to upload data to an archive (it doesn’t exist/not accessible),Not able to format the data in a way required for upload,Other team members/institution not allowing sharing of data","Not able to find data on national archive,Not knowing where to look for data,Not able to access data once a data record is found,Not able to understand and use data after accessing the data (not enough information),Investigators not sharing their data","OpenScienceFramework,Open Neuro,DANDI,Brainlife","Open Neuro,ADNI,DANDI,Brainlife","Never","Past Month","","","None","https://build.fillout.com/editor/nSpZ94UKxEus/results?sessionId=3bad355e-cffd-4c93-8d1a-659b03a550b5","76f69049fa9b8559310cf559c8f9b0e6"
"94be4416-84b4-4d01-84ff-20c3285ab5d9","Tue Jul 16 2024 22:12:00 GMT-0500 (Central Daylight Time)","Tue Jul 16 2024 22:01:00 GMT-0500 (Central Daylight Time)","finished","Ending","","Germany","Hospital","Public","Postdoc","NIRS (Near-Infrared Spectroscopy),sEEG (Stereoelectroencephalography),EEG (Electroencephalogram),CT (Computed Tomography),PET (Positron Emission Tomography),MRI (Magnetic Resonance Imaging)","I don't know","1.6 - 3.0 Tesla","I don't know","Clinical,Research","None","100 GB- 1TB","Lab/team computers,Lab server,Department server,Institutional server","Don’t trust the cloud provider to restrict access to the data,Don’t trust the data will be secure","DICOM (Digital Imaging and Communications in Medicine),NIFTI (Neuroimaging Informatics Technology Initiative),EEGLab,GIFTI (Geometry format under the Neuroimaging Informatics Technology Initiative),EEG datastore of vendor then exported to EEGlab","BIDS (Brain Imaging Data Structure),I dont like BIDS but that is what we use, mostly avoid all of this terrible stuff when I can. ","Using generic identifiers for your patients/participants,Defacing,Intersubject Averaging (group level results)","None","within my lab/team,within my institution,Project collaborators at different institutions,From other countries within my continent,From other countries outside my continent","Within my lab/team,Within my institution,Project collaborators outside of my institution,From other countries outside my continent","Regularly (once every 1-3 years)","Sometimes (once every 4-6 years)","Other team members/institution not allowing sharing of data","Not able to understand and use data after accessing the data (not enough information)","HCP","HCP","Past 5 Years","Past Year","Meta data is so important but cannot be found. Specifics of the MRI used. Patient covariates etc. Rather collect our own data.","nitrc","None","https://build.fillout.com/editor/nSpZ94UKxEus/results?sessionId=94be4416-84b4-4d01-84ff-20c3285ab5d9","3cf1623dd90e7646c72f1eaf25ddb521"
"9f3a43de-a0b1-480d-8f48-b4fe08a65ff8","Tue Jul 16 2024 21:23:00 GMT-0500 (Central Daylight Time)","Tue Jul 16 2024 21:17:00 GMT-0500 (Central Daylight Time)","finished","Ending","","United States","University","Public","Faculty","MRI (Magnetic Resonance Imaging)","","1.6 - 3.0 Tesla","","Research","Lack of specialized personnel (people that generate protocols)"," greater than 1 TB","Lab/team computers,Lab server","Don’t trust the cloud provider to restrict access to the data,Don’t trust the data will be secure,Lacking financial resources to use cloud storage,No interest/incentive","DICOM (Digital Imaging and Communications in Medicine),NIFTI (Neuroimaging Informatics Technology Initiative),MGH/MGZ (Massachusetts General Hospital),ANALYZE/BRIK (Analysis of Functional NeuroImages format)","BIDS (Brain Imaging Data Structure)","Using generic identifiers for your patients/participants","Lack of specialized personnel (people that generate protocols)","within my lab/team,Project collaborators at different institutions","Within my lab/team,Project collaborators outside of my institution","Regularly (once every 1-3 years)","Frequently (once a month or more)","Not able to upload data to an archive (it doesn’t exist/not accessible),Not knowing where to upload data","Not able to understand and use data after accessing the data (not enough information)","OpenScienceFramework,Brainlife","NIMH Data Archive","Past Year","Past Month","","x","None","https://build.fillout.com/editor/nSpZ94UKxEus/results?sessionId=9f3a43de-a0b1-480d-8f48-b4fe08a65ff8","d4d88a5923b56e747c1e30477d61c2ed"
"7b309c27-ec04-47a7-abf4-59e83dce2e29","Tue Jul 16 2024 20:50:00 GMT-0500 (Central Daylight Time)","Tue Jul 16 2024 20:47:00 GMT-0500 (Central Daylight Time)","finished","Ending","","United States","University","Public","Postdoc","MRI (Magnetic Resonance Imaging)","","1.6 - 3.0 Tesla","","Research","Missing interoperability between standards and technology (e.g., scanner dependent pulse sequence protocols)","10-100 GB","Lab/team computers,Lab server","Lacking financial resources to use cloud storage","DICOM (Digital Imaging and Communications in Medicine),NIFTI (Neuroimaging Informatics Technology Initiative),CIFTI (Connectivity format under the Neuroimaging Informatics Technology Initiative),GIFTI (Geometry format under the Neuroimaging Informatics Technology Initiative)","BIDS (Brain Imaging Data Structure)","Using generic identifiers for your patients/participants,Defacing","Lack of institutional infrastructure (ethernet, wireless connection),Missing interoperability between standards and technology (e.g., software tools not working with your data)","within my lab/team,within my institution","","Regularly (once every 1-3 years)","Regularly (once every 1-3 years)","Not knowing where to upload data,Not enough technical support from the institution/team to help with data sharing","Not able to find data on national archive,Not knowing where to look for data,Not able to access data once a data record is found,Not able to understand and use data after accessing the data (not enough information),Investigators not sharing their data","None of the above","HCP","Past 5 Years","Past 5 Years","","x","None","https://build.fillout.com/editor/nSpZ94UKxEus/results?sessionId=7b309c27-ec04-47a7-abf4-59e83dce2e29","58ce9338c7c60eec0f60941b7ffd27b6"
"a7bf0dc0-7dbc-4ad4-8b2a-664096e04fbb","Tue Jul 16 2024 20:14:00 GMT-0500 (Central Daylight Time)","Tue Jul 16 2024 20:11:00 GMT-0500 (Central Daylight Time)","finished","Ending","","United States","University","Private","Graduate Student","MRI (Magnetic Resonance Imaging)","","1.5 - 3.0 Tesla","","Clinical,Research","Missing interoperability between standards and technology (e.g., scanner dependent pulse sequence protocols)",">1 TB","Lab/team computers,Institutional server,Commercial cloud","","DICOM (Digital Imaging and Communications in Medicine),NIFTI (Neuroimaging Informatics Technology Initiative)","BIDS (Brain Imaging Data Structure)","Using generic identifiers for your patients/participants","Compute processing time","within my lab/team,within my institution,Project collaborators at different institutions","Within my lab/team,Within my institution,Project collaborators outside of my institution","Frequently (once a month or more)","Frequently (once a month or more)","None","None","None of the above","Open Neuro,HCP,ADNI","Past Month","Past Month","","x","None","https://build.fillout.com/editor/nSpZ94UKxEus/results?sessionId=a7bf0dc0-7dbc-4ad4-8b2a-664096e04fbb","9acb7dc02657b8fe171832ca5e0371f2"
"3e81c863-993e-4e64-b6e7-d0a03f362d86","Tue Jul 16 2024 19:31:00 GMT-0500 (Central Daylight Time)","Tue Jul 16 2024 19:25:00 GMT-0500 (Central Daylight Time)","finished","Ending","","United States","University","Public","Faculty","MRI (Magnetic Resonance Imaging)","","1.5 - 3.0 Tesla","","Research","Lack of high-end technology (computers/scanners/lack of storage),Lack of specialized personnel (people that generate protocols)",">1 TB","Department server,Institutional server","Lacking financial resources to use cloud storage","DICOM (Digital Imaging and Communications in Medicine),NIFTI (Neuroimaging Informatics Technology Initiative),CIFTI (Connectivity format under the Neuroimaging Informatics Technology Initiative),GIFTI (Geometry format under the Neuroimaging Informatics Technology Initiative),MGH/MGZ (Massachusetts General Hospital),ANALYZE/BRIK (Analysis of Functional NeuroImages format)","BIDS (Brain Imaging Data Structure)","Using generic identifiers for your patients/participants,Defacing","Lack of specialized personnel (people that generate protocols)","within my lab/team,within my institution,Project collaborators at different institutions,within my state/province/region,within my country,From other countries within my continent,From other countries outside my continent","Within my lab/team,Within my institution,Project collaborators outside of my institution","Frequently (once a month or more)","Frequently (once a month or more)","Not able to format the data in a way required for upload,Not enough technical support from the institution/team to help with data sharing,Other team members/institution not allowing sharing of data","Not able to find data on national archive,Not knowing where to look for data,Not able to understand and use data after accessing the data (not enough information)","OpenScienceFramework,Open Neuro,NDA","OpenScienceFramework,Open Neuro,HCP,NDA","Past Month","Past Month","","x","None","https://build.fillout.com/editor/nSpZ94UKxEus/results?sessionId=3e81c863-993e-4e64-b6e7-d0a03f362d86","c1f59e2843fda19f8c4fab3dbf0bf387"
"bdf0dd43-892b-43c6-933f-2ea6ac44c621","Tue Jul 16 2024 17:52:00 GMT-0500 (Central Daylight Time)","Tue Jul 16 2024 17:49:00 GMT-0500 (Central Daylight Time)","finished","Ending","","United States","University","Public","Faculty","EEG (Electroencephalogram),MRI (Magnetic Resonance Imaging)","","1.5 - 3.0 Tesla","","Research","Lack of specialized personnel (people that generate protocols)","10-100 GB","Lab/team computers,Institutional server,Commercial cloud","","DICOM (Digital Imaging and Communications in Medicine),NIFTI (Neuroimaging Informatics Technology Initiative),EEGLab,CIFTI (Connectivity format under the Neuroimaging Informatics Technology Initiative)","BIDS (Brain Imaging Data Structure)","Using generic identifiers for your patients/participants,Defacing","None","within my lab/team,within my institution,Project collaborators at different institutions,within my state/province/region,within my country,From other countries within my continent,From other countries outside my continent","Within my country","Rarely (once a year or less)","Rarely (once a year or less)","None","None","OpenScienceFramework,Open Neuro","OpenScienceFramework,Open Neuro,HCP","Past 5 Years","Past 5 Years","","x","None","https://build.fillout.com/editor/nSpZ94UKxEus/results?sessionId=bdf0dd43-892b-43c6-933f-2ea6ac44c621","6d1221eba7299db1d2e6f080e945a983"
"f552cfe0-98f4-4b8b-9bef-f406213e490e","Tue Jul 16 2024 17:36:00 GMT-0500 (Central Daylight Time)","Tue Jul 16 2024 17:32:00 GMT-0500 (Central Daylight Time)","finished","Ending","","Australia","University","Private","Research Staff","MRI (Magnetic Resonance Imaging)","","3.1 - 7.0 Tesla","","Research","Lack of specialized personnel (people that generate protocols)","100 GB- 1TB","Department server,Institutional server","Missing specialized personnel for implementation","DICOM (Digital Imaging and Communications in Medicine),NIFTI (Neuroimaging Informatics Technology Initiative)","BIDS (Brain Imaging Data Structure)","Defacing","Lack of specialized personnel (people that generate protocols)","within my lab/team,Project collaborators at different institutions","Project collaborators outside of my institution","Frequently (once a month or more)","Rarely (once a year or less)","Not enough technical support from the institution/team to help with data sharing,Other team members/institution not allowing sharing of data","Not able to find data on national archive,Investigators not sharing their data","Enigma,HCP","None of the above","Past Month","Past Month","","x","None","https://build.fillout.com/editor/nSpZ94UKxEus/results?sessionId=f552cfe0-98f4-4b8b-9bef-f406213e490e","7c562931b635904d4d62391334aa20be"
"347c74a9-df5e-40ef-8bc2-92f5a3de81a6","Tue Jul 16 2024 17:31:00 GMT-0500 (Central Daylight Time)","Tue Jul 16 2024 17:10:00 GMT-0500 (Central Daylight Time)","finished","Ending","","United States","University","Public","Faculty","MRI (Magnetic Resonance Imaging)","","1.5 - 3.0 Tesla","","Research","Lack of institutional infrastructure (ethernet, wireless connection)","<1 GB","Lab/team computers,Department server,Institutional server","Lacking financial resources to use cloud storage,Recurring costs exceed buying a server","DICOM (Digital Imaging and Communications in Medicine),NIFTI (Neuroimaging Informatics Technology Initiative)","BIDS (Brain Imaging Data Structure)","Using generic identifiers for your patients/participants,Defacing","Lack of institutional infrastructure (ethernet, wireless connection),Lack of specialized personnel (people that generate protocols)","within my lab/team,Project collaborators at different institutions,within my state/province/region,within my country,From other countries within my continent,From other countries outside my continent","I don’t request data","Rarely (once a year or less)","","","I'm confident there are errors and omissions in the public COINs and NDA data that don't exist in house. Sloppy curation ","OpenScienceFramework,Enigma","OpenScienceFramework","Past Month","Longer than 5 years ago","","x","None","https://build.fillout.com/editor/nSpZ94UKxEus/results?sessionId=347c74a9-df5e-40ef-8bc2-92f5a3de81a6","763148a4e4d123eb9a37e8d45dd5ba92"
"513482db-0066-493b-a4ca-5bb358632252","Tue Jul 16 2024 17:19:00 GMT-0500 (Central Daylight Time)","Tue Jul 16 2024 17:13:00 GMT-0500 (Central Daylight Time)","finished","Ending","","Italy","Hospital","Private","Research Staff","MRI (Magnetic Resonance Imaging)","","1.5 - 3.0 Tesla","","Research","Lack of high-end technology (computers/scanners/lack of storage),Lack of specialized personnel (people that generate protocols)","I do not know","Lab/team computers","Don’t trust the cloud provider to restrict access to the data,Don’t trust the data will be secure,PI is against it, for the reasons I checked","DICOM (Digital Imaging and Communications in Medicine),NIFTI (Neuroimaging Informatics Technology Initiative)","None","Using generic identifiers for your patients/participants,Intersubject Averaging (group level results)","None","within my lab/team","Within my lab/team,Within my country,From other countries within my continent,From other countries outside my continent","Rarely (once a year or less)","Rarely (once a year or less)","Other team members/institution not allowing sharing of data","Not knowing where to look for data,Not able to understand and use data after accessing the data (not enough information),Investigators not sharing their data","Enigma","Enigma","Never","Past Month","","x","None","https://build.fillout.com/editor/nSpZ94UKxEus/results?sessionId=513482db-0066-493b-a4ca-5bb358632252","390b790cbf8c2be46202001d4507d76d"
"82ae3256-1423-4060-b046-d5db3473240a","Tue Jul 16 2024 16:44:00 GMT-0500 (Central Daylight Time)","Tue Jul 16 2024 16:39:00 GMT-0500 (Central Daylight Time)","finished","Ending","","Spain","Research Facility","Private","Faculty","PET (Positron Emission Tomography),MRI (Magnetic Resonance Imaging)","I don't know","1.5 - 3.0 Tesla","","Research","Lack of specialized personnel (people that generate protocols)",">1 TB","Institutional server","No interest/incentive","DICOM (Digital Imaging and Communications in Medicine),NIFTI (Neuroimaging Informatics Technology Initiative)","BIDS (Brain Imaging Data Structure)","Using generic identifiers for your patients/participants","Lack of specialized personnel (people that generate protocols),Lack of standards ","within my lab/team,within my institution,Project collaborators at different institutions,within my state/province/region,within my country,From other countries within my continent,From other countries outside my continent","Within my lab/team,Within my institution,Project collaborators outside of my institution,Within my state/province/region,Within my country,From other countries within my continent,From other countries outside my continent","Frequently (once a month or more)","Frequently (once a month or more)","Different data standards and intersite harmonization ","Not knowing where to look for data,Not able to access data once a data record is found,Investigators not sharing their data","Enigma,ADNI","ADNI","Past Month","Past Month","","x","None","https://build.fillout.com/editor/nSpZ94UKxEus/results?sessionId=82ae3256-1423-4060-b046-d5db3473240a","91ec6630a6b69b05e1f552873cd66a56"
"54e5df76-33c8-438b-8c1b-d258231e91b3","Tue Jul 16 2024 16:41:00 GMT-0500 (Central Daylight Time)","Tue Jul 16 2024 16:38:00 GMT-0500 (Central Daylight Time)","finished","Ending","","United States","University","Private","Graduate Student","MRI (Magnetic Resonance Imaging)","","1.5 - 3.0 Tesla,> 7.0 Tesla","","Clinical,Research","Lack of specialized personnel (people that generate protocols),Missing interoperability between standards and technology (e.g., scanner dependent pulse sequence protocols)","<1 GB","Lab/team computers,Department server","Lacking financial resources to use cloud storage","DICOM (Digital Imaging and Communications in Medicine),NIFTI (Neuroimaging Informatics Technology Initiative),CIFTI (Connectivity format under the Neuroimaging Informatics Technology Initiative),GIFTI (Geometry format under the Neuroimaging Informatics Technology Initiative)","BIDS (Brain Imaging Data Structure)","None","None","within my lab/team,within my institution","Within my lab/team,Within my institution,Project collaborators outside of my institution,From other countries outside my continent","Rarely (once a year or less)","Frequently (once a month or more)","None","None","","Open Neuro,HCP","","Past Month","","x","None","https://build.fillout.com/editor/nSpZ94UKxEus/results?sessionId=54e5df76-33c8-438b-8c1b-d258231e91b3","b70f40102334cd961d7d2932ac1f2a07"
"77cd832e-4add-4b2c-b9dd-72690a1dd559","Tue Jul 16 2024 14:40:00 GMT-0500 (Central Daylight Time)","Tue Jul 16 2024 14:35:00 GMT-0500 (Central Daylight Time)","finished","Ending","","United States","University","Private","Research Staff","MRI (Magnetic Resonance Imaging)","","1.5 - 3.0 Tesla","","Research","Missing interoperability between standards and technology (e.g., scanner dependent pulse sequence protocols)",">1 TB","Department server,Institutional server","Lacking financial resources to use cloud storage","DICOM (Digital Imaging and Communications in Medicine),NIFTI (Neuroimaging Informatics Technology Initiative),CIFTI (Connectivity format under the Neuroimaging Informatics Technology Initiative)","BIDS (Brain Imaging Data Structure)","Using generic identifiers for your patients/participants,Defacing","Lack of national infrastructure (internet, electricity)","within my lab/team,within my institution,Project collaborators at different institutions","Within my lab/team","Frequently (once a month or more)","Frequently (once a month or more)","Not enough technical support from the institution/team to help with data sharing,Other team members/institution not allowing sharing of data","Investigators not sharing their data","Open Neuro","Open Neuro","Past Month","Past Month","","neurostars","None","https://build.fillout.com/editor/nSpZ94UKxEus/results?sessionId=77cd832e-4add-4b2c-b9dd-72690a1dd559","0a810d154fa6962d01e6aadae5779958"
"0127124a-0fc7-4c22-8be5-e4fbb38e5f04","Tue Jul 16 2024 14:34:00 GMT-0500 (Central Daylight Time)","Tue Jul 16 2024 14:30:00 GMT-0500 (Central Daylight Time)","finished","Ending","","United States","University","Private","Research Staff","MRI (Magnetic Resonance Imaging),Behavioral","","1.5 - 3.0 Tesla","","Research","Lack of high-end technology (computers/scanners/lack of storage),Missing interoperability between standards and technology (e.g., scanner dependent pulse sequence protocols)","10-100 GB","Lab/team computers,Openneuro","Lacking financial resources to use cloud storage","NIFTI (Neuroimaging Informatics Technology Initiative)","BIDS (Brain Imaging Data Structure)","Using generic identifiers for your patients/participants,Defacing","None","within my country,From other countries within my continent,From other countries outside my continent","I don’t request data","Rarely (once a year or less)","","None","Not able to access data once a data record is found,Investigators not sharing their data","OpenScienceFramework,Open Neuro","","Past 5 Years","","","neurostars","None","https://build.fillout.com/editor/nSpZ94UKxEus/results?sessionId=0127124a-0fc7-4c22-8be5-e4fbb38e5f04","fda25921cfec5ee328f68fbd756509e8"
"7877fc27-6b6e-43dc-8d3f-47bb25bf0b77","Tue Jul 16 2024 14:25:00 GMT-0500 (Central Daylight Time)","Tue Jul 16 2024 14:19:00 GMT-0500 (Central Daylight Time)","finished","Ending","","Netherlands","University","Public","Faculty","NIRS (Near-Infrared Spectroscopy),MEG (Magnetoencephalography),EEG (Electroencephalogram),MRI (Magnetic Resonance Imaging)","","1.5 - 3.0 Tesla","","Research","Lack of specialized personnel (people that generate protocols)","100 GB- 1TB","Department server","No interest/incentive","DICOM (Digital Imaging and Communications in Medicine),NIFTI (Neuroimaging Informatics Technology Initiative),EEGLab,Fif, mat","BIDS (Brain Imaging Data Structure)","Using generic identifiers for your patients/participants,Defacing,Blurring of demographic data","Lack of specialized personnel (people that generate protocols),Missing interoperability between standards and technology (e.g., software tools not working with your data)","within my lab/team,Project collaborators at different institutions,From other countries outside my continent","Project collaborators outside of my institution,From other countries outside my continent","Frequently (once a month or more)","Rarely (once a year or less)","None","Not able to find data on national archive,Not able to access data once a data record is found,Not able to understand and use data after accessing the data (not enough information),Investigators not sharing their data","OpenScienceFramework,HCP,Open Neuro,EBRAINS,Zenodo, institutional ","OpenScienceFramework,Open Neuro,HCP","Past Year","Past Month","","neurostars","None","https://build.fillout.com/editor/nSpZ94UKxEus/results?sessionId=7877fc27-6b6e-43dc-8d3f-47bb25bf0b77","ce086d46f10e079bdb4959a0ace48419"
"766b6c14-ae41-40b9-873e-08031483b4c7","Tue Jul 16 2024 11:29:00 GMT-0500 (Central Daylight Time)","Tue Jul 16 2024 11:21:00 GMT-0500 (Central Daylight Time)","finished","Ending","","United States","Hospital","Private","Postdoc","MRI (Magnetic Resonance Imaging)","","1.5 - 3.0 Tesla,3.1 - 7.0 Tesla","","Clinical,Research","Lack of specialized personnel (people that generate protocols)","100 GB- 1TB","Institutional server,Commercial cloud","","DICOM (Digital Imaging and Communications in Medicine),NIFTI (Neuroimaging Informatics Technology Initiative),CIFTI (Connectivity format under the Neuroimaging Informatics Technology Initiative),GIFTI (Geometry format under the Neuroimaging Informatics Technology Initiative),MGH/MGZ (Massachusetts General Hospital)","BIDS (Brain Imaging Data Structure)","Using generic identifiers for your patients/participants,Defacing,Intersubject Averaging (group level results)","Lack of hardware(computers/scanners/lack of storage),Lack of institutional infrastructure (ethernet, wireless connection),Missing interoperability between standards and technology (e.g., software tools not working with your data)","within my lab/team,within my institution,Project collaborators at different institutions","Within my lab/team,Within my institution,Project collaborators outside of my institution","Rarely (once a year or less)","Frequently (once a month or more)","Not enough technical support from the institution/team to help with data sharing,Other team members/institution not allowing sharing of data","Not able to find data on national archive,Not able to understand and use data after accessing the data (not enough information),Investigators not sharing their data","OpenScienceFramework","OpenScienceFramework,INDI,HCP,Brainlife","Past Year","Past Month","","neurostars","None","https://build.fillout.com/editor/nSpZ94UKxEus/results?sessionId=766b6c14-ae41-40b9-873e-08031483b4c7","38309788539c6bac17cea6ecccacd918"